ucn |statementNumber|totalCommissionExclVat|totalCommissionInclVat|withholdingTax|totalVat
1   |6965942061     |284.02                |77.51                 |510.15        |872.21
2   |9362876736     |365.90                |595.25                |262.62        |527.92
3   |9331887914     |344.23                |752.95                |675.62        |134.49
4   |7752699365     |564.52                |520.78                |337.85        |734.23
5   |1418843504     |388.13                |461.94                |230.15        |422.39
6   |7872852330     |315.30                |434.46                |723.64        |342.34
7   |9701192311     |398.64                |949.98                |49.21         |505.21
8   |6792239763     |429.33                |129.63                |109.19        |907.97
9   |6292299821     |55.13                 |670.77                |293.50        |78.17
10  |6597775082     |309.52                |251.04                |770.45        |831.70
11  |8807812991     |381.00                |719.15                |649.65        |242.29
12  |3498371029     |796.86                |452.53                |579.00        |354.11
13  |6647281029     |609.02                |540.10                |30.68         |209.13
14  |0618897070     |273.08                |616.14                |329.56        |607.17
15  |8877288094     |948.04                |555.99                |707.92        |554.32
16  |2618097947     |276.43                |462.18                |303.66        |345.01
17  |7895003879     |985.07                |510.60                |713.54        |280.02
18  |7810477250     |301.29                |109.40                |401.24        |112.56
19  |9247505992     |938.27                |478.41                |901.01        |586.78
20  |9204645059     |354.06                |459.09                |164.20        |101.42
21  |0233142320     |781.83                |548.66                |126.88        |300.46
22  |6821251363     |728.34                |950.95                |214.34        |836.22
23  |8244122374     |321.96                |803.24                |48.39         |816.50
24  |8755282121     |225.18                |581.97                |746.91        |450.46
25  |2239782315     |494.00                |876.68                |45.85         |188.82
26  |8940973453     |620.87                |280.45                |200.05        |209.61
27  |2974058906     |854.37                |637.36                |892.94        |881.30
28  |9016452591     |121.59                |74.57                 |29.41         |219.43
29  |8126218746     |171.58                |783.91                |840.22        |541.63
30  |9456617351     |274.04                |919.42                |617.65        |140.40
31  |4448953114     |235.37                |437.38                |975.92        |151.60
32  |4273058723     |62.82                 |321.82                |296.53        |250.78
33  |4611155668     |127.64                |896.62                |967.61        |538.50
34  |1279179503     |364.60                |269.23                |93.60         |641.82
35  |3342254246     |119.71                |917.05                |558.41        |751.40
36  |9031226653     |393.45                |437.48                |227.26        |554.55
37  |7968696097     |800.53                |238.30                |886.31        |328.23
38  |9608841283     |418.94                |288.10                |706.47        |734.40
39  |6204226746     |679.32                |713.33                |457.99        |395.47
40  |8882257657     |153.90                |583.63                |546.55        |601.96
41  |3921155797     |919.77                |736.77                |832.66        |473.40
42  |1490546650     |967.84                |580.81                |68.54         |756.04
43  |6657212488     |464.89                |155.64                |810.99        |333.68
44  |6776544840     |962.82                |905.57                |52.74         |763.41
45  |8234590383     |765.10                |483.95                |250.06        |910.66
46  |7236938076     |841.03                |664.01                |832.02        |630.90
47  |1055274405     |857.45                |699.37                |389.35        |457.41
48  |7676978513     |951.09                |66.44                 |99.55         |710.69
49  |6034026466     |493.48                |205.67                |655.23        |766.77
50  |9121086494     |215.61                |477.28                |967.38        |127.69
51  |0929843223     |722.27                |557.84                |967.15        |74.29
52  |5774809633     |973.47                |682.89                |212.52        |649.18
53  |8813091079     |736.74                |618.78                |784.81        |852.12
54  |4260317245     |460.89                |676.17                |339.03        |296.51
55  |6106973024     |488.83                |276.54                |66.87         |615.18
56  |0179488902     |378.17                |370.40                |27.59         |469.13
57  |1628110104     |470.87                |482.08                |316.40        |719.86
58  |2540286445     |236.78                |828.09                |542.94        |957.45
59  |0526403640     |933.87                |565.86                |424.38        |93.40
60  |4153870765     |582.65                |864.02                |364.27        |773.43
61  |0052683656     |753.50                |894.76                |508.57        |646.72
62  |1741559766     |221.43                |294.43                |34.80         |949.21
63  |2718344431     |161.56                |127.64                |688.57        |623.39
64  |7903210696     |892.37                |887.93                |279.84        |911.15
65  |7842326002     |84.49                 |706.40                |691.33        |938.44
66  |4940929779     |602.53                |472.94                |435.47        |170.34
67  |4938781883     |950.49                |357.78                |749.46        |395.34
68  |2729103279     |842.24                |917.21                |142.52        |250.50
69  |6443562429     |415.23                |118.77                |563.16        |557.78
70  |6584169243     |545.34                |509.49                |648.00        |815.09
71  |4574224460     |631.81                |783.83                |66.34         |874.96
72  |3103868839     |344.37                |992.40                |147.34        |767.90
73  |6454315266     |905.32                |655.11                |406.44        |483.98
74  |9510677078     |946.55                |79.40                 |834.49        |308.99
75  |4577958120     |257.28                |819.83                |527.74        |222.80
76  |8970223207     |168.80                |146.39                |202.50        |379.43
77  |1489869220     |387.42                |370.20                |589.19        |351.04
78  |3638997162     |446.23                |981.28                |121.01        |938.60
79  |5834374743     |429.11                |993.56                |494.25        |724.26
80  |0812569059     |456.60                |439.27                |301.32        |902.96
81  |0015510972     |855.48                |991.47                |307.54        |189.83
82  |3009589468     |695.86                |663.41                |34.21         |681.48
83  |1203644973     |711.00                |149.36                |483.91        |803.71
84  |3008718418     |217.03                |484.62                |627.40        |210.50
85  |2168972974     |279.33                |329.53                |189.51        |616.18
86  |8434165228     |864.95                |997.15                |910.34        |724.95
87  |8523244565     |762.98                |640.67                |650.81        |868.98
88  |2783447363     |926.49                |369.54                |301.96        |570.55
89  |1773054651     |612.59                |417.47                |987.32        |736.85
90  |6003187492     |311.35                |907.37                |193.02        |111.30
91  |2904773126     |194.07                |550.93                |704.20        |332.09
92  |8892327313     |376.03                |610.74                |24.13         |385.39
93  |6603259818     |222.46                |709.81                |687.29        |118.75
94  |4103363614     |789.25                |577.69                |801.24        |178.40
95  |2956518003     |76.40                 |343.43                |652.29        |771.51
96  |7525970262     |915.23                |569.56                |429.91        |851.27
97  |5781037160     |452.65                |136.04                |210.33        |927.25
98  |9334660015     |447.61                |302.11                |20.22         |604.99
99  |7408557342     |889.51                |455.29                |883.26        |659.22
100 |5237010032     |217.47                |420.72                |753.12        |158.65
101 |8553363589     |668.80                |120.29                |673.07        |613.70
102 |2172234583     |768.39                |890.22                |63.17         |841.97
103 |6859419423     |389.68                |976.29                |984.26        |585.28
104 |8561273690     |345.87                |425.92                |703.00        |904.06
105 |6314856396     |796.63                |952.59                |355.61        |269.34
106 |0433782072     |564.98                |529.64                |167.75        |615.12
107 |5823805772     |209.44                |109.00                |132.72        |640.38
108 |3981132033     |689.15                |331.98                |149.26        |299.39
109 |4641769311     |656.78                |257.70                |453.59        |931.71
110 |4807949462     |167.95                |291.11                |665.02        |417.16
111 |5850615091     |267.48                |752.62                |89.05         |938.04
112 |6792868000     |802.76                |744.02                |121.07        |616.03
113 |3838734866     |752.49                |665.68                |858.71        |169.48
114 |7235297301     |805.74                |396.02                |114.55        |394.88
115 |4090340500     |615.47                |141.37                |540.92        |784.14
116 |2554428743     |445.11                |945.33                |909.89        |688.45
117 |5819550714     |655.39                |675.53                |20.58         |464.19
118 |1626074186     |193.66                |723.06                |315.28        |755.05
119 |5101440647     |705.90                |462.59                |754.44        |916.32
120 |2299153934     |970.12                |641.52                |761.82        |138.70
121 |0072995181     |916.74                |541.00                |304.62        |267.90
122 |3089743787     |660.77                |887.77                |906.32        |436.71
123 |5664644516     |285.82                |450.85                |704.11        |389.16
124 |7702100273     |866.38                |71.35                 |670.74        |397.68
125 |2465979396     |831.16                |480.75                |261.44        |591.77
126 |7127533873     |953.83                |782.68                |318.48        |781.89
127 |3238188046     |83.36                 |67.17                 |554.91        |312.15
128 |5834223710     |882.20                |55.41                 |221.77        |110.89
129 |1458845338     |502.91                |822.40                |608.56        |521.15
130 |4095784474     |490.87                |217.93                |264.16        |147.94
131 |3263949136     |844.74                |573.53                |843.87        |501.07
132 |7058105065     |887.34                |328.50                |804.65        |583.92
133 |7486145170     |908.38                |158.01                |689.05        |777.41
134 |9319075794     |998.38                |122.91                |148.20        |674.25
135 |1024918122     |810.16                |158.16                |624.57        |130.64
136 |8314875422     |279.74                |857.88                |872.14        |933.91
137 |5660966470     |79.93                 |293.58                |255.30        |815.56
138 |2342942249     |842.41                |675.37                |554.15        |968.91
139 |6120996508     |377.50                |383.52                |650.03        |962.51
140 |4078777503     |762.06                |119.64                |884.62        |831.10
141 |0548251045     |982.49                |879.45                |575.63        |778.60
142 |7413041383     |600.48                |819.88                |755.34        |166.50
143 |0666673462     |600.97                |568.24                |876.94        |282.62
144 |8165004409     |470.52                |643.16                |244.50        |830.67
145 |3224378069     |196.82                |815.16                |171.07        |331.60
146 |1606787195     |939.23                |563.81                |316.44        |487.62
147 |7184474538     |896.47                |447.30                |794.44        |885.75
148 |5657980085     |239.44                |198.48                |596.49        |527.11
149 |3571086651     |505.28                |330.68                |921.75        |78.06
150 |4653667268     |232.29                |487.31                |73.90         |171.60
151 |7467766785     |786.60                |228.47                |837.01        |614.84
152 |4486090586     |249.44                |147.91                |622.52        |638.73
153 |8104875841     |228.20                |849.25                |604.21        |163.67
154 |2580684964     |707.91                |441.18                |741.05        |825.20
155 |9245462285     |381.64                |104.70                |330.05        |547.19
156 |4279084157     |742.55                |760.66                |126.84        |745.09
157 |0209257075     |662.48                |788.81                |157.11        |681.63
158 |5094215477     |420.20                |100.14                |730.87        |930.76
159 |8173436118     |414.26                |827.84                |356.67        |660.18
160 |4196188281     |956.67                |831.85                |674.42        |598.25
161 |8199888156     |637.30                |968.11                |580.40        |214.83
162 |1750489724     |863.94                |721.26                |444.29        |824.86
163 |7065457753     |588.14                |987.78                |38.94         |97.38
164 |7793947258     |310.87                |582.06                |863.07        |88.08
165 |4348182256     |173.22                |597.93                |752.30        |548.76
166 |6234651046     |989.88                |850.77                |27.96         |215.58
167 |7023652981     |856.54                |707.22                |165.52        |776.98
168 |8511452532     |175.17                |865.13                |250.31        |909.73
169 |7402035999     |850.95                |883.76                |58.83         |919.93
170 |3491563143     |758.67                |673.96                |885.34        |103.75
171 |4736321156     |710.33                |193.74                |83.39         |986.78
172 |2659677719     |136.55                |261.86                |272.20        |457.95
173 |5000045769     |677.40                |987.28                |574.14        |165.93
174 |1240572875     |692.76                |419.81                |429.67        |684.81
175 |0949281956     |621.23                |150.24                |348.48        |880.83
176 |6214995874     |322.36                |538.29                |83.54         |527.12
177 |4418178287     |192.19                |820.90                |512.76        |422.82
178 |3404845544     |252.76                |848.07                |64.16         |163.33
179 |6909436113     |711.05                |344.00                |119.38        |826.79
180 |5254818573     |762.02                |891.79                |181.68        |117.37
181 |0958088756     |575.27                |579.56                |950.88        |688.32
182 |3835415026     |476.75                |107.46                |870.18        |134.54
183 |2777959242     |388.56                |558.64                |482.49        |658.13
184 |4643477563     |213.42                |749.38                |630.63        |541.18
185 |7191944293     |849.19                |720.88                |628.43        |756.83
186 |1467264377     |556.23                |502.82                |595.62        |771.86
187 |8890103116     |773.07                |189.77                |892.79        |869.89
188 |6740338604     |97.14                 |824.58                |553.96        |902.25
189 |1178082059     |694.64                |190.92                |195.75        |696.28
190 |3362137245     |732.80                |424.35                |328.87        |799.04
191 |7238703203     |329.45                |529.17                |757.85        |296.50
192 |8201285751     |232.49                |946.86                |52.75         |493.98
193 |4738766562     |428.38                |643.67                |825.60        |591.52
194 |5662731810     |450.58                |918.26                |551.62        |842.58
195 |7092367921     |520.77                |215.65                |439.14        |637.78
196 |7626729846     |125.38                |779.80                |407.32        |129.84
197 |0698402278     |647.01                |813.03                |69.96         |757.94
198 |8581236383     |478.00                |196.73                |841.19        |898.61
199 |2272268226     |487.94                |310.66                |153.66        |339.21
200 |8320827922     |587.75                |270.52                |331.70        |308.15
201 |6350185544     |517.74                |734.73                |608.87        |208.25
202 |2738559867     |974.15                |218.01                |709.68        |402.27
203 |6268712056     |97.80                 |657.40                |897.83        |364.15
204 |9267284819     |872.27                |131.48                |770.43        |691.78
205 |6766281294     |233.98                |273.38                |639.48        |577.13
206 |9352830768     |504.11                |63.71                 |208.71        |816.22
207 |3825195678     |763.18                |452.89                |174.77        |567.90
208 |9307690766     |786.43                |572.84                |112.82        |501.14
209 |4455550550     |822.40                |257.84                |79.44         |636.03
210 |5627802820     |628.71                |536.46                |83.65         |737.12
211 |0242888593     |539.06                |956.17                |743.51        |352.02
212 |5909051229     |954.23                |499.98                |926.23        |289.90
213 |2624157395     |692.97                |185.58                |668.16        |335.45
214 |5548829947     |946.02                |970.93                |983.38        |143.05
215 |3024752463     |885.93                |71.20                 |792.31        |142.76
216 |6282667674     |678.30                |616.68                |650.78        |175.94
217 |2218872463     |459.11                |114.63                |309.95        |923.72
218 |6122586889     |802.96                |838.95                |486.96        |728.55
219 |8561309571     |826.33                |962.88                |793.16        |764.62
220 |2226383654     |314.28                |462.49                |968.53        |659.66
221 |9008874326     |274.25                |225.34                |389.45        |834.11
222 |5148667435     |785.82                |179.22                |102.69        |341.12
223 |4704556484     |397.67                |649.46                |954.15        |782.27
224 |0911264620     |984.88                |98.98                 |85.51         |808.88
225 |4693840017     |808.82                |941.77                |277.34        |232.01
226 |5985620654     |382.32                |434.70                |669.23        |880.56
227 |6681527701     |735.61                |486.60                |521.51        |424.31
228 |9815364448     |874.45                |504.69                |575.21        |197.89
229 |8661007542     |490.49                |115.02                |194.10        |164.11
230 |8572479457     |935.09                |735.65                |446.25        |313.48
231 |5496244072     |123.65                |314.33                |90.71         |111.25
232 |4757013280     |776.76                |930.38                |462.17        |389.26
233 |3746764173     |343.47                |564.96                |926.11        |762.84
234 |7963738409     |467.58                |971.35                |948.63        |482.71
235 |1567431194     |187.78                |849.15                |206.74        |481.20
236 |2516541015     |502.26                |719.70                |548.78        |300.16
237 |1267388536     |367.78                |66.47                 |426.50        |234.58
238 |8483979047     |552.27                |681.23                |678.71        |615.64
239 |8578242262     |881.50                |64.73                 |852.16        |244.04
240 |1598822853     |453.96                |119.76                |318.51        |574.93
241 |6693172121     |86.75                 |472.52                |881.20        |75.50
242 |5986221087     |726.13                |481.54                |140.91        |211.20
243 |8550288403     |764.98                |237.96                |290.30        |843.78
244 |8066123825     |501.02                |921.19                |283.29        |371.29
245 |0863744311     |570.29                |708.73                |864.27        |261.01
246 |7406997353     |418.43                |606.31                |628.67        |993.51
247 |9622500579     |404.76                |403.45                |917.85        |498.06
248 |6828472381     |132.15                |711.16                |77.23         |253.46
249 |9460493947     |817.96                |241.11                |925.39        |210.38
250 |3892509646     |490.52                |904.05                |689.76        |387.07
251 |3402636468     |186.82                |319.31                |434.80        |432.90
252 |8082291737     |585.14                |952.36                |931.03        |546.62
253 |4862645828     |216.12                |869.35                |371.51        |572.19
254 |0529648709     |844.43                |765.50                |779.89        |729.79
255 |4515951424     |713.69                |270.48                |516.62        |166.87
256 |2029260320     |845.14                |161.94                |428.75        |971.50
257 |4124368887     |814.25                |840.12                |434.96        |781.26
258 |1869140087     |101.39                |990.60                |993.08        |341.92
259 |1310483418     |974.79                |54.83                 |250.40        |474.02
260 |8821739112     |410.96                |856.90                |390.30        |900.59
261 |9823811784     |365.65                |495.65                |238.49        |172.79
262 |4515578979     |862.46                |160.55                |292.05        |957.98
263 |2904104615     |671.53                |701.18                |746.57        |648.81
264 |9457682556     |376.93                |536.78                |995.49        |852.62
265 |1860092934     |191.30                |362.76                |34.80         |304.30
266 |8582108966     |310.64                |171.67                |869.16        |584.76
267 |7561733291     |113.29                |655.65                |171.73        |604.77
268 |9575621069     |465.86                |664.60                |540.60        |251.94
269 |3384077679     |427.19                |844.46                |707.09        |815.52
270 |9766565333     |130.40                |63.02                 |217.33        |465.69
271 |1008170259     |456.04                |808.46                |239.95        |471.77
272 |7477220963     |238.24                |997.79                |831.91        |180.46
273 |0089652711     |310.34                |532.53                |960.96        |723.40
274 |0211166014     |310.14                |407.43                |785.22        |524.29
275 |1101535970     |312.88                |129.65                |339.10        |216.79
276 |4013663368     |965.93                |743.78                |554.44        |531.87
277 |0876154488     |98.84                 |780.56                |595.39        |526.75
278 |9310619007     |96.34                 |601.97                |578.57        |414.02
279 |7801620127     |132.79                |593.46                |507.64        |283.67
280 |6448774319     |570.44                |864.34                |74.84         |937.19
281 |6046961610     |804.49                |626.24                |502.11        |478.43
282 |4169659120     |821.71                |289.45                |463.51        |214.09
283 |1482847574     |113.41                |301.23                |158.62        |107.15
284 |1852892927     |127.79                |739.28                |770.99        |781.10
285 |6090874590     |817.92                |715.03                |399.20        |864.35
286 |2995597121     |386.13                |848.89                |883.02        |93.13
287 |0128638834     |119.68                |370.00                |72.30         |305.38
288 |1322901058     |526.12                |952.16                |830.61        |523.06
289 |6912704522     |629.91                |343.06                |221.47        |484.87
290 |6082744586     |676.42                |616.82                |248.43        |221.43
291 |1596747455     |271.33                |497.28                |869.36        |129.99
292 |4964722430     |176.39                |444.26                |424.94        |683.73
293 |4968960662     |179.79                |229.84                |175.57        |297.96
294 |8802253137     |898.33                |217.26                |189.26        |703.14
295 |1053960786     |839.22                |449.52                |498.01        |951.08
296 |8284065746     |197.25                |772.77                |849.87        |270.18
297 |7697901587     |691.64                |331.75                |14.31         |346.17
298 |3311758099     |366.32                |129.39                |967.75        |626.63
299 |4312645922     |769.01                |492.06                |276.81        |282.93
300 |7889103409     |83.82                 |862.64                |400.14        |893.91
301 |9865298538     |755.28                |725.79                |314.92        |275.54
302 |0098832921     |509.06                |954.28                |367.88        |483.43
303 |7910935951     |866.30                |452.46                |776.51        |643.34
304 |0830722793     |511.12                |885.37                |886.65        |322.77
305 |6235553536     |140.31                |810.59                |842.22        |425.65
306 |1581463073     |791.53                |435.71                |167.30        |917.43
307 |5114740806     |971.94                |900.74                |186.88        |241.44
308 |6782576031     |103.09                |136.28                |515.00        |418.65
309 |1869459326     |697.32                |233.89                |13.51         |461.36
310 |8852870350     |84.32                 |518.86                |646.37        |328.51
311 |5968411937     |725.35                |500.81                |181.95        |990.35
312 |0389700096     |439.62                |588.83                |372.25        |360.38
313 |5222425207     |368.41                |477.59                |475.73        |84.69
314 |6258802486     |963.29                |222.42                |659.95        |685.12
315 |2596502992     |512.40                |97.99                 |344.96        |460.15
316 |0183992075     |935.35                |920.00                |899.25        |75.26
317 |1647078237     |782.20                |657.24                |940.45        |253.08
318 |6855091482     |739.27                |735.76                |270.23        |176.35
319 |1270971050     |306.52                |839.74                |555.53        |583.53
320 |1538686090     |901.33                |582.11                |760.89        |190.65
321 |6202195266     |370.05                |537.17                |948.96        |280.26
322 |0381183025     |156.73                |779.66                |160.54        |120.62
323 |7085607297     |872.86                |218.72                |890.31        |79.39
324 |2012978118     |434.08                |379.98                |131.20        |330.83
325 |3382388596     |964.58                |500.46                |780.98        |431.97
326 |3368525913     |655.16                |242.82                |935.53        |784.72
327 |3812342545     |55.07                 |469.94                |811.09        |790.56
328 |1118296303     |502.31                |576.17                |280.00        |933.16
329 |4339140155     |122.40                |993.00                |632.37        |172.17
330 |9771196049     |403.97                |799.98                |569.12        |690.12
331 |8112661103     |390.69                |614.24                |59.61         |265.77
332 |0819653853     |71.41                 |490.78                |15.76         |870.06
333 |3652645391     |229.58                |275.50                |376.52        |448.03
334 |6213139370     |78.11                 |588.63                |291.76        |820.06
335 |1958779202     |396.42                |991.09                |557.45        |322.52
336 |6976163972     |76.73                 |929.92                |384.18        |762.33
337 |7675771877     |367.99                |792.49                |110.10        |308.17
338 |9796174928     |314.84                |397.79                |12.76         |889.70
339 |1867012219     |504.23                |762.08                |829.88        |560.21
340 |5550725754     |583.79                |527.68                |665.74        |828.85
341 |9787841577     |633.73                |613.01                |811.02        |506.17
342 |7690919111     |322.79                |125.13                |850.29        |976.19
343 |0209796448     |645.71                |442.03                |733.41        |745.73
344 |4099554333     |371.64                |720.05                |860.68        |510.28
345 |5041430241     |994.92                |957.18                |182.62        |318.21
346 |5327300897     |529.61                |777.83                |245.48        |177.29
347 |5931465979     |924.33                |513.48                |470.44        |824.43
348 |8622066258     |247.60                |856.73                |31.55         |526.21
349 |5112981024     |678.47                |816.69                |318.84        |295.13
350 |0864781172     |182.21                |940.23                |639.87        |441.58
351 |3413651439     |569.70                |189.76                |353.08        |255.94
352 |9427114150     |240.36                |526.44                |950.46        |870.64
353 |6275952393     |94.17                 |570.11                |549.94        |220.45
354 |0398826897     |347.27                |256.35                |316.17        |986.30
355 |5469275426     |542.10                |818.73                |776.11        |714.09
356 |6918946528     |276.37                |763.61                |363.34        |578.65
357 |6112312344     |208.49                |510.56                |179.33        |795.34
358 |0755414543     |81.42                 |782.79                |826.23        |471.63
359 |2608514936     |148.73                |628.74                |83.35         |717.44
360 |7634525545     |266.06                |420.62                |538.38        |225.13
361 |1612019250     |892.67                |937.10                |92.69         |423.09
362 |8614402317     |137.98                |580.92                |613.45        |211.23
363 |8050741192     |710.07                |961.36                |842.67        |176.25
364 |6486648767     |67.53                 |881.52                |605.81        |388.36
365 |8851071527     |990.83                |282.13                |570.98        |481.51
366 |1686424833     |493.47                |567.42                |338.72        |596.66
367 |7394145522     |633.07                |103.74                |523.67        |821.91
368 |6661712694     |765.48                |213.22                |712.76        |743.05
369 |5639545909     |233.62                |264.91                |536.55        |190.85
370 |2080812440     |137.54                |166.14                |166.46        |336.27
371 |1321991649     |223.97                |350.40                |909.87        |852.77
372 |3276505304     |308.95                |592.22                |504.31        |205.33
373 |0360774881     |753.51                |265.28                |136.98        |628.26
374 |0624376923     |574.25                |252.84                |149.91        |102.49
375 |6737458467     |303.48                |270.98                |550.83        |492.47
376 |3556935694     |519.44                |226.19                |645.04        |880.95
377 |6789002618     |282.82                |310.12                |109.35        |675.42
378 |9767629211     |809.81                |215.59                |262.15        |709.59
379 |8147332882     |934.00                |432.03                |864.56        |115.20
380 |0153391464     |393.78                |838.54                |199.38        |646.26
381 |8698839223     |995.31                |628.70                |818.58        |869.20
382 |9905673504     |972.59                |934.74                |410.42        |376.06
383 |6227153575     |688.45                |439.50                |845.47        |395.15
384 |1522446818     |562.30                |835.83                |971.37        |875.45
385 |4348938911     |842.43                |802.34                |119.73        |821.33
386 |1059153394     |580.12                |366.69                |898.79        |162.09
387 |6048642792     |428.46                |67.12                 |479.51        |978.79
388 |1317237242     |584.80                |179.32                |178.30        |594.99
389 |4047001554     |69.81                 |299.56                |224.30        |373.07
390 |1306178894     |632.08                |295.47                |45.46         |233.53
391 |6451876399     |859.57                |996.45                |927.57        |81.99
392 |7041890597     |167.97                |436.97                |690.45        |563.82
393 |8561981806     |100.49                |997.98                |598.35        |352.35
394 |9126754231     |450.73                |527.52                |409.39        |721.29
395 |6278451514     |200.98                |145.65                |589.49        |310.68
396 |2014871280     |994.91                |630.24                |503.78        |976.85
397 |1609638611     |471.77                |671.41                |324.06        |652.01
398 |1219702048     |903.49                |469.14                |444.32        |361.44
399 |9316203384     |987.11                |674.02                |918.24        |599.11
400 |7790505580     |325.96                |257.93                |642.50        |761.17
401 |0236797204     |739.69                |706.59                |103.48        |132.33
402 |1027597742     |784.01                |943.73                |201.90        |775.10
403 |1443133450     |722.28                |53.98                 |202.06        |394.75
404 |2338003721     |671.77                |289.53                |576.79        |320.48
405 |6226353503     |144.50                |159.16                |359.81        |718.56
406 |9576955483     |179.56                |397.04                |976.82        |851.25
407 |4233863226     |344.59                |63.83                 |569.73        |464.41
408 |7298727672     |660.61                |918.04                |893.36        |981.21
409 |8560856307     |682.47                |502.39                |476.15        |910.47
410 |7661290464     |82.92                 |875.87                |304.40        |998.01
411 |5572639834     |465.66                |936.75                |961.69        |811.73
412 |2012631088     |684.08                |479.27                |692.54        |764.59
413 |9435424309     |219.32                |805.57                |556.86        |583.20
414 |9267210947     |604.86                |471.10                |724.29        |586.49
415 |2137979136     |802.49                |681.62                |163.95        |657.95
416 |7111398904     |124.16                |311.33                |630.18        |679.94
417 |0032532350     |100.57                |430.22                |63.93         |797.12
418 |4313155120     |951.04                |543.40                |347.60        |809.29
419 |8734495169     |639.70                |56.14                 |676.46        |136.69
420 |7507572137     |188.54                |754.23                |489.11        |175.27
421 |0708179290     |312.36                |955.19                |170.34        |285.17
422 |7495051477     |905.87                |962.90                |230.21        |858.64
423 |2161119591     |339.18                |328.50                |888.20        |750.84
424 |1708893997     |561.27                |495.00                |676.66        |597.88
425 |9191668131     |273.78                |135.65                |585.09        |747.18
426 |4998523414     |251.83                |209.95                |738.80        |425.69
427 |6370058742     |856.15                |965.85                |838.10        |399.48
428 |7827135528     |980.88                |910.24                |328.01        |341.85
429 |1860863795     |971.71                |693.28                |670.78        |552.71
430 |2089525819     |55.59                 |438.36                |577.47        |896.32
431 |4130531913     |296.76                |328.15                |754.60        |884.70
432 |0762997036     |263.09                |550.26                |973.86        |900.31
433 |1867333953     |503.13                |589.21                |730.69        |997.59
434 |1710381574     |411.70                |598.32                |435.53        |931.86
435 |2091294721     |152.87                |958.72                |532.27        |815.81
436 |8747219947     |434.94                |437.43                |784.17        |169.56
437 |6510159031     |393.21                |90.93                 |727.61        |545.40
438 |3762776458     |838.07                |149.17                |364.68        |154.57
439 |7526223878     |684.32                |227.95                |240.91        |825.27
440 |3270658605     |619.70                |742.45                |177.66        |553.12
441 |3096720827     |568.50                |604.88                |769.84        |627.92
442 |7779330753     |83.42                 |856.47                |487.12        |121.94
443 |9383965304     |777.59                |650.18                |978.99        |188.44
444 |4100530412     |173.60                |689.45                |399.95        |884.88
445 |5239445710     |391.69                |398.78                |953.99        |179.36
446 |4114076174     |174.88                |575.04                |583.35        |325.43
447 |5591816487     |697.29                |954.97                |956.12        |256.89
448 |7577655929     |566.73                |665.97                |415.00        |834.79
449 |4892631566     |513.97                |706.22                |441.11        |856.82
450 |1243418885     |802.31                |974.65                |788.48        |862.13
451 |3625630222     |975.01                |806.43                |751.37        |390.07
452 |0605672652     |871.90                |495.36                |562.38        |683.58
453 |0439031885     |920.96                |813.09                |146.45        |192.68
454 |7643953171     |650.50                |299.40                |775.73        |308.30
455 |5309239804     |380.17                |784.02                |801.39        |435.07
456 |2568075171     |681.20                |569.75                |729.93        |464.98
457 |1352005859     |557.97                |901.58                |127.58        |71.60
458 |2421281091     |231.34                |825.70                |429.92        |479.50
459 |9128535375     |215.20                |856.13                |152.41        |963.34
460 |8190943952     |719.67                |86.10                 |888.69        |954.30
461 |0476268958     |594.84                |112.01                |766.76        |710.03
462 |2420120515     |661.48                |546.51                |964.85        |617.41
463 |3470059780     |480.56                |561.32                |980.54        |677.03
464 |9366132502     |420.35                |343.72                |217.02        |468.64
465 |9576464609     |915.89                |161.11                |687.80        |177.94
466 |8679293636     |579.63                |55.72                 |178.15        |463.44
467 |4506300130     |670.69                |606.79                |688.71        |803.11
468 |4522194668     |575.32                |622.79                |412.21        |300.19
469 |2460424019     |600.91                |519.34                |654.41        |154.92
470 |7490366437     |637.28                |249.76                |521.33        |509.87
471 |0689344740     |432.64                |212.91                |706.02        |253.07
472 |1493601334     |162.22                |611.33                |989.18        |525.95
473 |4668513059     |63.11                 |133.38                |706.08        |989.66
474 |7543299690     |783.62                |924.29                |231.10        |438.54
475 |3371071138     |482.81                |852.41                |15.67         |440.10
476 |7889677111     |549.92                |794.08                |818.18        |239.93
477 |6898720457     |81.41                 |350.40                |946.42        |675.57
478 |0569220211     |625.58                |859.68                |977.55        |724.31
479 |8962889528     |692.40                |804.22                |46.73         |963.30
480 |7667854084     |791.74                |841.55                |11.54         |469.94
481 |4945683018     |88.27                 |438.94                |283.23        |952.93
482 |2531140751     |995.01                |500.77                |360.37        |320.85
483 |1507212321     |530.61                |185.68                |382.25        |673.49
484 |3170990411     |683.87                |762.83                |829.07        |546.74
485 |1949912035     |441.20                |481.43                |264.81        |744.55
486 |6413372761     |911.25                |572.31                |449.38        |550.30
487 |7632189009     |262.40                |749.35                |545.92        |120.14
488 |8601005500     |60.08                 |235.43                |160.96        |945.43
489 |7941674742     |486.65                |532.65                |94.08         |678.02
490 |8553846016     |778.20                |737.03                |272.43        |765.78
491 |6881774591     |704.69                |942.76                |274.96        |532.15
492 |3146506173     |451.32                |797.93                |709.59        |380.22
493 |8435729923     |922.22                |312.03                |374.40        |415.54
494 |7336313809     |465.90                |786.79                |805.12        |330.76
495 |9778388563     |343.01                |130.96                |703.48        |463.98
496 |0616940521     |457.15                |867.45                |477.80        |557.92
497 |6481647258     |864.52                |791.01                |786.66        |114.54
498 |3456369913     |801.39                |525.51                |570.90        |561.54
499 |7990738406     |749.63                |332.21                |939.98        |993.76
500 |7182200651     |608.47                |855.06                |418.13        |658.49
501 |2180567057     |71.71                 |84.04                 |747.98        |836.92
502 |2125349124     |264.58                |815.24                |107.84        |400.76
503 |5888423777     |195.66                |210.41                |713.86        |315.51
504 |2569952761     |784.28                |558.23                |594.48        |245.38
505 |9876217933     |761.53                |557.85                |978.51        |427.99
506 |1058611216     |452.88                |522.51                |306.02        |384.72
507 |7908472923     |469.43                |787.96                |317.34        |451.34
508 |2939860513     |995.66                |134.82                |592.20        |276.97
509 |7025438324     |597.26                |966.84                |495.25        |647.04
510 |5458653904     |722.84                |208.13                |447.38        |579.42
511 |8667997226     |540.07                |220.76                |623.09        |808.34
512 |6483548621     |954.80                |700.30                |485.68        |238.81
513 |6484265771     |623.11                |161.02                |615.51        |589.83
514 |6828265262     |633.78                |273.50                |716.46        |133.01
515 |8006639280     |312.54                |688.51                |940.27        |396.72
516 |2360148737     |562.63                |634.72                |761.44        |955.31
517 |7624046954     |222.54                |105.52                |285.63        |237.11
518 |7852799280     |548.68                |223.74                |746.36        |989.55
519 |9327756398     |846.81                |698.03                |772.24        |258.71
520 |7402090949     |829.63                |953.62                |517.05        |845.10
521 |9810630832     |667.92                |307.83                |713.45        |251.81
522 |7607041923     |279.22                |216.68                |896.17        |275.63
523 |2674190728     |437.06                |583.42                |978.30        |386.86
524 |2680139305     |658.52                |621.39                |228.70        |319.91
525 |2688914758     |864.99                |636.17                |174.68        |454.89
526 |1838673059     |858.97                |568.33                |307.50        |295.55
527 |6704982965     |343.95                |138.68                |480.53        |878.60
528 |3092357361     |884.94                |367.14                |669.81        |353.58
529 |6054441698     |333.86                |936.41                |617.73        |504.74
530 |8218992472     |387.42                |816.86                |767.96        |616.11
531 |5141504646     |938.61                |843.10                |317.80        |401.71
532 |1287257305     |771.20                |173.50                |345.13        |688.59
533 |5571104015     |457.31                |239.37                |471.62        |238.55
534 |6401347503     |938.84                |326.96                |190.20        |954.27
535 |6845556792     |924.73                |793.24                |757.49        |594.35
536 |7196884795     |716.62                |399.16                |743.50        |173.22
537 |3263778846     |793.08                |341.62                |155.62        |710.02
538 |9369566333     |236.90                |654.82                |118.78        |545.77
539 |7554032593     |861.77                |198.76                |250.06        |389.04
540 |2613035196     |528.62                |803.73                |675.89        |119.27
541 |2172482129     |315.93                |428.98                |274.51        |838.53
542 |2447143591     |861.54                |923.33                |924.48        |523.54
543 |2694595618     |430.70                |118.38                |868.55        |685.06
544 |6137370836     |278.25                |606.67                |864.53        |978.45
545 |1299301673     |742.22                |270.52                |566.15        |493.20
546 |2919425714     |491.38                |742.44                |236.19        |391.89
547 |4529129284     |142.07                |649.41                |649.60        |971.25
548 |3843146411     |759.40                |703.53                |600.24        |498.90
549 |6665812065     |220.87                |567.10                |445.78        |765.34
550 |6825002651     |698.11                |727.71                |418.37        |777.10
551 |3371615413     |780.07                |490.26                |462.16        |215.81
552 |0201646315     |869.46                |109.20                |610.15        |173.73
553 |2492459306     |74.30                 |525.45                |937.54        |294.19
554 |1717315712     |871.55                |783.29                |957.97        |86.70
555 |2151995828     |227.09                |482.87                |601.10        |517.43
556 |1573762628     |422.16                |100.30                |264.52        |764.52
557 |2211374662     |929.44                |132.47                |645.08        |736.16
558 |7776195170     |265.91                |941.91                |129.73        |583.10
559 |5230727829     |863.22                |112.01                |194.49        |712.22
560 |7048810513     |731.02                |97.42                 |954.71        |391.44
561 |8058453773     |442.26                |959.92                |587.28        |894.30
562 |2516981937     |402.84                |982.86                |982.83        |727.62
563 |2740880227     |889.67                |573.80                |701.61        |810.40
564 |3099700606     |77.19                 |112.39                |870.28        |225.86
565 |9643740218     |119.07                |370.26                |751.81        |965.11
566 |0248376942     |616.05                |470.50                |432.66        |925.35
567 |1732682550     |919.41                |755.03                |622.32        |226.12
568 |3676099745     |884.59                |991.53                |715.08        |514.86
569 |3468151047     |265.39                |575.90                |137.97        |620.65
570 |9039105200     |111.13                |942.69                |19.93         |633.72
571 |0431163685     |355.37                |231.71                |786.33        |651.85
572 |9137472607     |779.62                |233.59                |263.21        |874.57
573 |6353592078     |564.65                |952.48                |837.45        |925.59
574 |6176774136     |271.03                |124.61                |394.77        |128.96
575 |6798983197     |811.34                |763.31                |275.35        |332.91
576 |1262768365     |679.66                |299.19                |363.81        |357.60
577 |2046217330     |812.54                |181.08                |287.64        |372.54
578 |1745019758     |497.00                |452.83                |634.52        |993.66
579 |7797265828     |106.14                |697.85                |137.45        |640.32
580 |3388785996     |426.68                |692.79                |172.00        |859.62
581 |9588671302     |249.30                |637.55                |444.19        |348.50
582 |6202328185     |494.77                |382.10                |823.74        |553.01
583 |3783625815     |984.13                |804.92                |243.21        |290.49
584 |4673060199     |286.21                |434.48                |969.52        |646.87
585 |5892633055     |196.06                |360.08                |697.70        |169.49
586 |3407477252     |105.61                |702.41                |143.34        |710.65
587 |8284315963     |668.12                |851.46                |466.20        |653.70
588 |5698900043     |658.71                |960.16                |13.86         |847.23
589 |8436553969     |661.72                |664.45                |660.67        |847.26
590 |0920271456     |177.95                |317.70                |525.67        |779.76
591 |9080933562     |361.77                |140.07                |896.13        |529.76
592 |6572979326     |225.39                |679.80                |597.31        |963.43
593 |7642864957     |626.15                |688.54                |62.70         |119.93
594 |6969561496     |224.29                |776.82                |588.57        |889.34
595 |0773192980     |494.11                |945.73                |858.89        |669.69
596 |7685469707     |694.61                |887.43                |635.88        |574.63
597 |1976300827     |55.54                 |796.24                |408.53        |947.40
598 |6154646496     |586.68                |193.32                |916.16        |934.27
599 |8260855690     |964.10                |458.76                |757.42        |984.50
600 |9267761625     |485.37                |730.90                |193.90        |502.87
601 |2964319820     |351.26                |266.80                |117.97        |732.05
602 |1101137959     |776.11                |794.52                |681.82        |846.10
603 |4055705336     |558.69                |782.84                |421.32        |565.56
604 |8641130896     |749.72                |868.39                |984.76        |199.91
605 |7420885869     |146.20                |122.86                |657.93        |547.95
606 |7880660151     |373.89                |534.87                |815.13        |833.12
607 |6090109932     |93.06                 |257.11                |494.48        |892.12
608 |3107720437     |950.83                |252.99                |533.69        |624.50
609 |6645246803     |704.57                |982.10                |815.20        |413.05
610 |1246782863     |830.97                |352.94                |461.14        |778.48
611 |8756065396     |786.71                |583.48                |666.77        |772.66
612 |9269466906     |756.69                |716.78                |427.15        |686.42
613 |0736559302     |407.55                |927.34                |52.07         |838.12
614 |7997958924     |615.71                |483.10                |675.26        |329.28
615 |5873198373     |488.02                |389.84                |118.09        |816.84
616 |3585212867     |713.15                |490.12                |775.38        |896.27
617 |7198664806     |948.57                |80.85                 |692.86        |732.75
618 |9648983607     |613.80                |263.65                |545.33        |351.59
619 |0766522970     |188.01                |942.49                |476.73        |987.12
620 |5048492609     |603.66                |907.94                |302.74        |558.51
621 |1846407788     |515.82                |356.84                |899.35        |616.58
622 |4439340202     |774.18                |844.54                |948.68        |405.26
623 |7025013862     |859.72                |909.47                |795.53        |492.73
624 |9481276147     |777.37                |804.48                |12.72         |871.03
625 |0424513560     |334.14                |452.37                |482.52        |368.42
626 |8235186462     |548.31                |688.10                |387.15        |194.70
627 |9088591644     |902.78                |60.49                 |671.75        |933.49
628 |9889642905     |699.76                |900.23                |860.34        |865.35
629 |5031231904     |229.39                |926.54                |174.48        |295.83
630 |0801590825     |760.32                |829.32                |161.47        |380.14
631 |4503317091     |373.11                |524.02                |807.78        |395.65
632 |9047407288     |240.50                |875.06                |696.30        |163.74
633 |2062054300     |613.68                |958.64                |507.76        |877.75
634 |9277496703     |905.94                |482.33                |533.13        |82.17
635 |5220807862     |856.85                |94.47                 |41.90         |548.58
636 |0838092721     |331.09                |454.86                |864.20        |391.00
637 |5352162346     |386.32                |969.20                |933.41        |923.98
638 |7875245702     |643.77                |351.01                |380.23        |147.61
639 |3521466868     |174.58                |867.15                |877.52        |650.59
640 |5034778912     |885.65                |923.42                |222.13        |402.77
641 |8208644129     |249.82                |587.43                |685.77        |414.77
642 |2879219051     |159.64                |335.29                |308.15        |680.34
643 |2300589729     |856.79                |785.02                |883.80        |775.31
644 |3524008763     |186.16                |247.58                |903.52        |823.33
645 |0249020521     |946.18                |108.81                |161.15        |713.57
646 |6708589095     |916.38                |388.50                |968.69        |946.49
647 |6640418746     |240.58                |563.26                |431.63        |359.86
648 |3966686619     |959.86                |540.86                |479.44        |811.44
649 |2105724256     |687.67                |764.95                |829.82        |268.80
650 |1081440252     |682.63                |855.92                |10.15         |191.04
651 |7424127292     |822.49                |809.02                |152.98        |872.47
652 |8754879191     |526.69                |88.91                 |969.70        |270.39
653 |1668550725     |777.85                |631.75                |276.69        |127.05
654 |5247075242     |628.18                |251.11                |236.37        |242.51
655 |3614521761     |710.54                |281.63                |356.42        |499.99
656 |9161879657     |735.91                |544.61                |359.26        |430.55
657 |6662073849     |513.33                |907.41                |84.21         |535.86
658 |6928387386     |297.99                |729.08                |778.26        |174.97
659 |3285465638     |744.94                |632.61                |846.00        |588.76
660 |6152743435     |106.62                |60.43                 |494.10        |153.98
661 |4776112744     |98.14                 |234.30                |290.12        |362.06
662 |4092594763     |715.08                |264.21                |993.49        |920.83
663 |5883674992     |121.75                |256.00                |863.18        |794.52
664 |0145328740     |990.28                |716.48                |571.20        |651.24
665 |9528332943     |814.09                |82.62                 |705.96        |121.56
666 |7887948924     |905.44                |586.35                |897.58        |249.68
667 |4652480520     |130.66                |984.79                |374.17        |951.02
668 |0550249591     |472.91                |596.28                |495.28        |105.19
669 |5058709546     |328.01                |352.30                |334.49        |374.90
670 |2021708276     |889.83                |160.74                |884.89        |202.66
671 |3649308940     |681.96                |452.51                |162.04        |843.82
672 |3377730400     |303.44                |870.74                |179.91        |853.09
673 |6426978035     |397.80                |622.50                |868.20        |201.11
674 |2208761871     |228.94                |904.90                |40.10         |418.55
675 |0817241736     |347.33                |907.06                |555.64        |471.43
676 |9804598566     |784.46                |210.60                |699.18        |368.53
677 |5986961641     |590.09                |106.14                |835.30        |617.75
678 |2812935634     |93.06                 |244.98                |931.48        |400.73
679 |7570352475     |282.27                |187.39                |289.65        |148.52
680 |7724543771     |514.47                |163.71                |212.84        |896.42
681 |3743083817     |970.19                |451.59                |466.01        |587.56
682 |5782397543     |626.54                |621.22                |981.47        |506.83
683 |3938632968     |819.31                |99.22                 |557.70        |253.18
684 |4312796319     |198.68                |823.36                |829.48        |106.20
685 |4119689484     |903.14                |518.32                |381.31        |179.36
686 |2737523605     |979.14                |877.91                |487.43        |643.26
687 |0457949074     |209.70                |677.15                |513.70        |188.30
688 |6334148052     |307.97                |859.42                |173.60        |841.43
689 |7725217185     |646.91                |513.60                |816.74        |977.81
690 |7213965026     |267.20                |374.99                |528.61        |759.23
691 |9711668807     |359.64                |445.21                |797.48        |371.98
692 |1161468153     |93.33                 |830.90                |150.75        |516.39
693 |9742617023     |759.13                |289.85                |427.94        |465.62
694 |0035089040     |940.43                |529.08                |835.36        |682.21
695 |1218155051     |421.38                |119.46                |65.93         |412.14
696 |6217717034     |299.50                |747.04                |205.91        |419.80
697 |6455765532     |525.61                |778.21                |341.76        |980.72
698 |2653033526     |294.98                |320.76                |795.90        |384.44
699 |8452952937     |430.56                |103.75                |675.08        |699.14
700 |5601129762     |921.06                |260.00                |672.71        |616.44
701 |3866068069     |277.98                |190.03                |793.01        |792.70
702 |2461357668     |849.84                |79.34                 |258.19        |722.34
703 |0015064158     |701.54                |720.79                |746.73        |299.62
704 |1833275934     |669.08                |412.70                |853.42        |812.37
705 |9643284085     |298.88                |575.39                |73.69         |397.87
706 |4218358036     |117.83                |314.36                |690.05        |538.57
707 |4203392535     |452.74                |963.30                |922.17        |754.88
708 |4709610495     |681.03                |345.59                |215.52        |994.12
709 |0403892910     |195.90                |806.66                |466.76        |71.05
710 |5967882138     |712.92                |253.29                |133.39        |490.51
711 |2411195761     |295.30                |510.65                |245.12        |83.42
712 |6935467020     |775.74                |798.44                |365.17        |854.61
713 |9250779518     |557.72                |812.08                |471.97        |162.30
714 |7352714529     |396.42                |973.47                |536.38        |100.06
715 |5327917924     |256.22                |504.49                |808.17        |505.53
716 |6983935713     |460.94                |397.90                |775.58        |906.29
717 |8287906989     |580.09                |300.23                |313.40        |362.97
718 |8253800436     |356.66                |995.75                |945.22        |965.05
719 |0357800133     |699.09                |63.52                 |942.29        |136.63
720 |2364762669     |310.43                |243.97                |210.42        |369.92
721 |5695626048     |570.30                |284.52                |973.94        |687.83
722 |2297320612     |844.54                |473.95                |315.54        |714.99
723 |7296341335     |178.29                |709.81                |610.77        |906.71
724 |5614252967     |984.08                |272.85                |152.22        |735.79
725 |1578329795     |624.67                |704.29                |93.69         |264.57
726 |3293378579     |343.58                |472.28                |581.14        |354.20
727 |0490219985     |130.35                |629.19                |339.52        |244.36
728 |6080773333     |851.11                |828.96                |747.66        |973.56
729 |7727389226     |150.51                |879.49                |222.08        |647.58
730 |8912730045     |871.68                |600.46                |347.05        |563.68
731 |8330734536     |552.16                |671.55                |995.42        |184.02
732 |9112586048     |87.64                 |124.93                |44.02         |905.13
733 |0780222601     |752.02                |978.40                |579.45        |571.15
734 |2815434385     |800.95                |662.83                |680.11        |135.32
735 |2966560037     |419.90                |747.01                |90.28         |734.54
736 |7535659071     |542.97                |686.70                |553.41        |252.44
737 |7010847215     |486.84                |760.86                |661.68        |408.75
738 |0725869704     |729.08                |266.05                |276.70        |113.57
739 |5056120197     |564.12                |699.62                |967.53        |198.33
740 |7297022632     |82.78                 |540.44                |368.64        |170.26
741 |7130514248     |642.13                |240.36                |61.15         |459.38
742 |9937677947     |922.28                |629.38                |388.30        |286.65
743 |0033758751     |279.30                |619.14                |867.04        |501.54
744 |2292053403     |394.74                |508.24                |367.92        |286.91
745 |4001290049     |197.32                |390.87                |107.29        |449.59
746 |4630332847     |646.81                |211.78                |371.77        |121.61
747 |5876232440     |692.76                |719.21                |582.87        |631.31
748 |3734786118     |959.93                |691.74                |295.26        |931.87
749 |7500455305     |922.04                |972.50                |462.84        |485.02
750 |8409699230     |853.45                |675.20                |599.77        |409.62
751 |6872976101     |78.42                 |727.94                |297.37        |290.40
752 |7833113794     |476.45                |186.26                |902.05        |194.98
753 |4586316683     |571.02                |153.80                |248.98        |258.52
754 |3596916097     |232.64                |771.85                |11.84         |429.71
755 |5804490370     |821.35                |610.15                |795.39        |948.12
756 |1673321550     |339.57                |102.29                |948.35        |572.83
757 |4847455045     |771.39                |241.57                |715.74        |365.55
758 |1897687907     |686.93                |170.75                |77.96         |272.13
759 |0329831615     |469.28                |938.37                |844.17        |478.68
760 |8284636689     |923.34                |274.15                |478.35        |167.46
761 |3941147617     |799.14                |605.94                |917.71        |270.36
762 |9684648952     |495.53                |182.91                |632.83        |644.35
763 |0094343810     |633.75                |503.79                |82.45         |662.49
764 |9753856660     |601.30                |545.45                |649.87        |906.49
765 |4377455133     |910.69                |453.02                |471.40        |266.99
766 |3407258666     |276.19                |246.75                |666.14        |949.65
767 |0222470607     |424.88                |342.20                |196.60        |330.23
768 |3317822597     |875.49                |300.44                |683.08        |393.32
769 |3234540063     |913.35                |592.82                |475.28        |866.29
770 |5480652540     |362.07                |51.56                 |338.88        |452.77
771 |0503945064     |806.75                |700.75                |139.44        |104.62
772 |6815805441     |764.17                |728.99                |21.49         |565.64
773 |4664675860     |759.31                |309.29                |377.08        |339.91
774 |3348823331     |747.09                |276.29                |438.84        |94.78
775 |3405448131     |247.65                |51.53                 |157.36        |612.16
776 |9818770137     |667.74                |831.63                |363.37        |463.12
777 |9270224929     |842.36                |977.32                |659.88        |808.35
778 |4318074919     |457.77                |170.07                |610.48        |832.87
779 |9841630257     |274.31                |811.49                |245.15        |567.12
780 |5103836718     |602.74                |347.14                |171.56        |213.42
781 |8954568165     |87.29                 |252.27                |528.24        |314.59
782 |1441141219     |589.86                |241.49                |192.44        |648.90
783 |6409909667     |81.49                 |923.57                |736.81        |84.05
784 |9705270384     |950.88                |583.44                |980.52        |218.42
785 |2681550335     |788.63                |919.25                |755.41        |366.58
786 |3052389319     |663.57                |180.17                |391.31        |213.13
787 |4701001139     |385.60                |231.28                |390.49        |516.55
788 |1571440410     |166.30                |546.54                |801.07        |454.15
789 |8741053281     |800.44                |250.53                |446.00        |775.73
790 |3389835253     |521.00                |207.29                |943.79        |249.64
791 |9937077613     |925.78                |630.76                |525.48        |359.10
792 |3826093941     |244.41                |953.36                |930.96        |468.05
793 |3333377667     |938.06                |142.44                |892.25        |360.79
794 |6567691719     |569.85                |147.00                |703.39        |859.91
795 |5481731487     |994.82                |532.50                |94.10         |374.81
796 |4964130657     |143.59                |867.46                |323.05        |804.69
797 |8553817792     |898.51                |493.56                |361.35        |273.97
798 |5550861712     |61.74                 |816.67                |722.15        |295.74
799 |8718870708     |497.10                |111.52                |406.79        |484.27
800 |1771238828     |512.90                |258.55                |281.24        |186.64
801 |2988487332     |79.19                 |747.80                |314.05        |110.43
802 |4669847937     |418.15                |301.12                |596.98        |693.44
803 |6268728580     |494.95                |235.81                |973.05        |974.91
804 |7381207265     |714.06                |552.99                |647.04        |749.01
805 |9741490585     |984.52                |548.72                |567.37        |163.61
806 |0757756751     |665.02                |843.10                |227.04        |216.95
807 |7030926846     |699.80                |915.55                |732.30        |358.80
808 |4871872106     |244.62                |374.81                |790.50        |172.48
809 |0587086629     |451.97                |342.39                |180.78        |998.70
810 |1560011645     |425.86                |60.83                 |723.94        |421.66
811 |9647081316     |172.12                |524.00                |581.77        |345.89
812 |2862062448     |997.32                |275.01                |67.58         |445.85
813 |6242212080     |767.42                |105.18                |937.74        |697.31
814 |9303293444     |434.99                |539.55                |342.74        |900.43
815 |4101837767     |52.28                 |144.03                |757.31        |493.85
816 |9242690228     |518.26                |287.70                |291.49        |150.33
817 |8531045096     |91.59                 |301.07                |666.96        |221.37
818 |0561280924     |326.68                |393.68                |398.36        |593.99
819 |9161563951     |939.93                |58.17                 |888.84        |667.69
820 |0896597709     |119.50                |905.14                |239.47        |231.47
821 |2244853926     |757.19                |958.98                |902.98        |314.68
822 |4046449217     |641.28                |327.90                |918.22        |316.26
823 |7612508451     |587.94                |136.51                |879.61        |428.50
824 |2546579398     |802.59                |628.08                |542.91        |113.00
825 |0451935217     |474.57                |821.74                |777.54        |190.78
826 |1202459706     |866.72                |291.91                |480.03        |796.13
827 |0248052292     |136.71                |869.10                |587.54        |385.71
828 |3025645644     |492.35                |241.03                |985.27        |723.99
829 |7045177615     |520.69                |584.21                |94.19         |718.50
830 |4227848539     |52.15                 |671.44                |328.90        |291.92
831 |9955672951     |341.84                |470.18                |233.78        |537.32
832 |5664387858     |514.07                |253.94                |571.30        |472.70
833 |8300158596     |648.47                |101.98                |767.73        |859.48
834 |9788990193     |764.71                |994.96                |657.48        |323.24
835 |5553097568     |925.67                |765.19                |615.53        |357.78
836 |3353961259     |387.03                |991.79                |888.09        |815.06
837 |1459666402     |368.50                |246.76                |123.87        |252.77
838 |1305100123     |658.54                |666.73                |807.63        |339.90
839 |0886545919     |246.95                |972.59                |948.95        |268.20
840 |1952633656     |216.59                |362.55                |989.62        |353.08
841 |6067117223     |779.06                |963.41                |925.33        |262.57
842 |3351171188     |839.29                |776.58                |818.63        |817.15
843 |5003676662     |698.18                |326.43                |924.82        |876.23
844 |0234139765     |345.87                |741.45                |950.19        |737.10
845 |2867885027     |388.67                |379.90                |548.58        |281.64
846 |7028224821     |750.29                |643.21                |77.19         |792.98
847 |6914961204     |915.48                |206.18                |106.60        |876.00
848 |5031463279     |124.97                |739.70                |330.52        |496.45
849 |5141676285     |220.47                |678.51                |989.27        |778.93
850 |8278506558     |757.15                |692.31                |157.84        |911.60
851 |9391121500     |217.89                |480.18                |948.67        |856.34
852 |3118559225     |892.81                |637.95                |753.27        |981.66
853 |0091610907     |493.65                |416.04                |418.41        |795.65
854 |3703750464     |932.35                |651.03                |931.78        |719.88
855 |2247077900     |333.79                |462.77                |528.80        |846.46
856 |6121861339     |133.06                |491.39                |519.19        |918.37
857 |6818332919     |947.94                |840.65                |416.88        |307.69
858 |3053808668     |745.50                |723.27                |661.39        |581.26
859 |4281105514     |591.07                |307.58                |765.35        |238.82
860 |7809210084     |793.37                |842.80                |87.87         |206.83
861 |3214189743     |136.94                |213.20                |491.40        |785.13
862 |2064521054     |491.75                |908.03                |642.94        |854.25
863 |0304240591     |308.04                |341.82                |467.24        |643.67
864 |3483212574     |248.65                |989.05                |613.11        |641.76
865 |4745649673     |830.16                |869.08                |799.80        |231.52
866 |4628788219     |273.03                |571.08                |978.89        |617.64
867 |8361767207     |559.56                |239.82                |243.34        |374.65
868 |8640851565     |173.96                |684.55                |234.32        |377.80
869 |6833628882     |664.72                |128.04                |80.97         |704.55
870 |8003764947     |487.03                |741.49                |154.45        |113.73
871 |3889282768     |670.87                |647.01                |355.62        |941.32
872 |1931670617     |503.99                |289.97                |747.36        |428.19
873 |2404381652     |978.82                |191.97                |547.62        |865.17
874 |6958601629     |311.86                |908.49                |146.55        |644.68
875 |4877313362     |241.90                |399.64                |603.99        |397.05
876 |0944239331     |712.33                |816.32                |923.96        |719.59
877 |6709469573     |461.73                |816.14                |944.95        |876.83
878 |6896046619     |724.81                |659.00                |636.16        |790.07
879 |0724367691     |298.99                |874.73                |540.89        |995.76
880 |0690631375     |102.37                |675.30                |220.49        |356.16
881 |4204786871     |592.23                |234.24                |425.35        |79.19
882 |8046974951     |195.06                |77.97                 |40.85         |255.17
883 |9348982060     |557.22                |477.51                |874.24        |765.60
884 |3123857484     |870.92                |574.53                |545.69        |459.61
885 |5994611751     |167.07                |243.78                |689.36        |484.14
886 |6654482808     |828.18                |209.59                |752.74        |864.67
887 |5866514680     |698.08                |335.45                |893.69        |681.42
888 |2334476455     |160.65                |767.14                |729.84        |173.39
889 |4480534296     |548.39                |399.72                |137.24        |562.10
890 |1885170963     |114.55                |89.33                 |894.15        |725.63
891 |4589871092     |987.30                |824.08                |614.11        |112.89
892 |1066306222     |355.83                |459.97                |62.68         |202.98
893 |8023196294     |891.04                |645.90                |266.92        |112.14
894 |2741949212     |146.20                |701.03                |865.35        |288.00
895 |1444303201     |241.04                |743.45                |157.99        |931.55
896 |8770767815     |742.84                |955.73                |323.90        |444.59
897 |0908342632     |212.83                |780.55                |800.03        |661.37
898 |6351002605     |691.49                |347.77                |182.81        |790.64
899 |0167581015     |674.72                |517.27                |24.68         |689.99
900 |8617369329     |545.40                |442.77                |391.29        |175.06
901 |4562928298     |437.18                |252.05                |570.34        |885.67
902 |3673310895     |802.58                |521.30                |275.53        |939.04
903 |0844417300     |443.83                |280.19                |768.48        |803.80
904 |3537022786     |671.13                |615.49                |213.32        |893.52
905 |8269958476     |814.63                |586.26                |736.38        |169.65
906 |4762637661     |551.64                |249.97                |679.09        |713.34
907 |7414467678     |573.80                |683.25                |673.32        |466.01
908 |6936914985     |57.52                 |423.34                |49.43         |71.52
909 |0002314940     |106.75                |595.58                |358.09        |225.82
910 |8852044329     |238.93                |321.24                |597.76        |664.40
911 |2253484261     |962.58                |449.30                |591.12        |414.54
912 |8491040242     |196.39                |877.67                |901.59        |177.11
913 |4388359491     |833.95                |382.19                |507.63        |730.37
914 |2957712679     |443.91                |880.67                |475.50        |438.42
915 |7428940885     |552.39                |774.78                |609.24        |818.95
916 |9574969207     |523.67                |771.64                |607.08        |346.66
917 |9034837130     |722.75                |793.67                |501.75        |447.58
918 |9526776712     |806.85                |617.30                |395.71        |237.59
919 |3227242699     |237.84                |799.45                |241.16        |345.09
920 |6315323510     |970.20                |561.67                |211.50        |115.11
921 |2851616005     |771.75                |798.74                |862.90        |807.80
922 |6871991417     |118.96                |385.26                |499.50        |329.04
923 |7761052379     |425.89                |974.43                |87.35         |115.93
924 |2227043342     |259.46                |600.56                |294.11        |104.59
925 |1129337456     |749.51                |374.07                |759.77        |868.87
926 |9779209441     |443.84                |850.20                |155.40        |99.75
927 |1103269348     |810.33                |142.89                |252.37        |845.25
928 |8006549591     |955.94                |773.59                |375.95        |255.39
929 |4916201477     |653.53                |865.30                |99.27         |795.67
930 |5185167726     |601.51                |988.52                |340.51        |587.47
931 |7255989845     |354.34                |774.46                |672.45        |992.69
932 |0072096373     |742.49                |632.44                |986.37        |205.13
933 |0064695158     |202.10                |544.56                |718.66        |377.46
934 |9752574157     |146.12                |132.20                |93.74         |327.99
935 |6896587032     |315.38                |859.68                |565.99        |239.49
936 |5091416153     |501.08                |986.26                |572.14        |887.84
937 |4242980752     |518.10                |262.20                |660.87        |324.52
938 |4565721635     |201.89                |365.75                |718.58        |993.69
939 |7824727785     |405.48                |411.44                |498.72        |180.80
940 |4636725999     |714.37                |249.66                |167.73        |524.34
941 |4827289514     |294.57                |831.10                |812.69        |479.77
942 |8767846793     |450.55                |823.89                |728.07        |748.07
943 |8505463838     |933.13                |351.04                |957.00        |424.64
944 |1626730113     |129.68                |937.80                |357.32        |594.68
945 |8831471376     |55.72                 |354.39                |141.35        |571.69
946 |4461062104     |233.80                |841.70                |25.68         |769.55
947 |2248749287     |301.35                |318.91                |229.53        |688.99
948 |8901431904     |798.16                |210.90                |894.36        |280.52
949 |5227560234     |136.64                |923.52                |424.51        |956.33
950 |5110601062     |494.13                |890.33                |385.30        |404.18
951 |9966546456     |939.53                |328.39                |139.08        |836.76
952 |0012478571     |670.08                |498.23                |94.70         |147.09
953 |0724578846     |149.69                |537.24                |598.22        |904.90
954 |0881426644     |867.71                |930.79                |321.36        |306.37
955 |3397563550     |133.25                |634.91                |977.06        |125.75
956 |5568896437     |83.81                 |756.71                |61.12         |844.13
957 |8791478146     |217.34                |227.91                |994.78        |576.02
958 |3249528951     |688.26                |949.78                |605.85        |276.61
959 |8969878998     |268.34                |885.07                |394.77        |256.29
960 |6931397664     |863.53                |868.35                |710.77        |831.67
961 |0508919851     |691.38                |890.30                |76.04         |752.93
962 |2913084400     |198.94                |318.81                |23.47         |276.80
963 |5871228100     |483.25                |167.50                |523.21        |257.48
964 |0985268182     |591.24                |809.71                |475.87        |345.94
965 |0093303041     |943.53                |233.57                |420.54        |456.07
966 |7872945096     |525.52                |307.09                |867.83        |399.72
967 |3677081998     |988.38                |920.84                |32.02         |682.66
968 |4000035037     |332.82                |953.62                |261.80        |275.15
969 |9671307698     |368.66                |343.66                |686.87        |593.65
970 |8614269749     |94.71                 |826.37                |850.91        |381.89
971 |5023162036     |290.88                |818.87                |328.82        |839.64
972 |5512910221     |646.01                |207.78                |565.97        |91.66
973 |6124685930     |72.23                 |418.41                |824.79        |255.37
974 |0566564033     |427.70                |774.39                |988.14        |756.06
975 |8878443468     |617.61                |506.92                |143.83        |930.37
976 |1054452008     |333.39                |239.73                |398.07        |956.59
977 |2120690561     |954.01                |495.96                |719.68        |564.92
978 |7811848430     |512.88                |704.72                |216.96        |519.46
979 |3436898031     |664.39                |622.35                |481.59        |209.70
980 |8437947359     |253.91                |811.11                |296.92        |708.66
981 |6373552012     |395.87                |161.44                |684.51        |195.87
982 |0598890238     |848.28                |242.42                |251.79        |878.91
983 |8711235845     |361.09                |594.39                |924.12        |801.05
984 |7268498128     |105.04                |373.28                |959.64        |400.65
985 |8554756592     |922.15                |300.08                |447.87        |910.80
986 |5649765146     |692.24                |313.19                |899.22        |778.75
987 |2464023604     |586.06                |412.22                |994.53        |408.57
988 |9197425427     |806.15                |721.19                |395.13        |967.61
989 |0484852795     |391.67                |491.06                |182.72        |274.52
990 |8668401165     |725.78                |628.86                |460.08        |457.17
991 |5269625075     |545.19                |733.22                |721.31        |588.53
992 |3678139795     |152.34                |455.31                |973.10        |913.12
993 |8814647925     |164.48                |502.30                |343.74        |248.10
994 |9833069282     |516.94                |785.37                |136.79        |576.51
995 |5857948037     |241.43                |82.00                 |740.75        |552.93
996 |3145637703     |94.44                 |530.64                |781.31        |845.37
997 |6307293748     |540.86                |228.25                |726.54        |955.02
998 |9409650275     |783.68                |701.76                |122.69        |600.26
999 |7443631987     |905.45                |87.02                 |671.09        |427.94
1000|8719878079     |252.50                |234.78                |197.28        |137.71
